{
  "accuracy": 0.640746500777605,
  "precision": 0.4384057971014493,
  "recall": 0.6142131979695431,
  "f1": 0.5116279069767442,
  "roc_auc": 0.6804989642849013
}