{
  "cv_results": {
    "f1_mean": 0.5963561104722475,
    "f1_std": 0.03127824303287573,
    "roc_auc_mean": 0.8443509163929848,
    "roc_auc_std": 0.01779926673797205,
    "precision_mean": 0.6718424578390935,
    "precision_std": 0.026339787047359352,
    "recall_mean": 0.5368098159509203,
    "recall_std": 0.03796748085095904
  },
  "test_results": {
    "metrics": {
      "f1_score": 0.6038781163434903,
      "roc_auc": 0.8534127347686671,
      "accuracy": 0.857,
      "precision": 0.692063492063492,
      "recall": 0.5356265356265356
    },
    "confusion_matrix": [
      [
        1496,
        97
      ],
      [
        189,
        218
      ]
    ],
    "classification_report": {
      "0": {
        "precision": 0.8878338278931751,
        "recall": 0.9391086001255493,
        "f1-score": 0.912751677852349,
        "support": 1593.0
      },
      "1": {
        "precision": 0.692063492063492,
        "recall": 0.5356265356265356,
        "f1-score": 0.6038781163434903,
        "support": 407.0
      },
      "accuracy": 0.857,
      "macro avg": {
        "precision": 0.7899486599783336,
        "recall": 0.7373675678760425,
        "f1-score": 0.7583148970979197,
        "support": 2000.0
      },
      "weighted avg": {
        "precision": 0.8479945645518346,
        "recall": 0.857,
        "f1-score": 0.8498959080852962,
        "support": 2000.0
      }
    },
    "error_by_segment": {
      "risk_segment": {
        "LOW": {
          "count": 1248.0,
          "accuracy": 0.936698717948718,
          "precision": 0.0,
          "recall": 0.0,
          "f1_score": 0.0
        },
        "MEDIUM": {
          "count": 631.0,
          "accuracy": 0.6957210776545166,
          "precision": 0.5773195876288659,
          "recall": 0.5045045045045045,
          "f1_score": 0.5384615384615384
        },
        "HIGH": {
          "count": 121.0,
          "accuracy": 0.8760330578512396,
          "precision": 0.8760330578512396,
          "recall": 1.0,
          "f1_score": 0.933920704845815
        }
      }
    }
  }
}